Month,RebasedReturn,RebasedValue
2023-10,,100000.0
2023-11,0.028346371968824946,102834.63719688251
2023-12,0.07681068550440961,110733.43617357232
2024-01,0.0540685535588421,116720.63289807775
2024-02,0.01635521312812016,118629.62372557489
2024-03,-0.0366726429545004,114279.16189086015
2024-04,-0.0330451809493823,110502.78630743292
2024-05,-0.010995822207144346,109287.71731580232
2024-06,0.06679691572025692,116587.79975860525
2024-07,0.06930833106389522,124668.3055822858
2024-08,0.009641635191979026,125870.31190471236
2024-09,0.018117628003518238,128150.78339248875
2024-10,-0.06022913053597789,120432.37313125472
2024-11,0.02314239446235522,123219.46661629576
2024-12,-0.03679302564942727,118685.84962057363
2025-01,0.03181351409509303,122461.66357036584
2025-02,-0.009532138142132107,121294.34207609782
2025-03,-0.01703592906404433,119227.98026861949
2025-04,-0.04359624639106846,114030.08786411931
2025-05,0.029598107415580555,117405.1626533296
2025-06,0.024451790310361377,120275.92907188268
2025-07,-0.04760965831659619,114549.6331850592
2025-08,-0.0020326403789587277,114316.79497525233
2025-09,-0.01812894925430203,112244.35160023153
2025-10,0.030331686220816056,115648.9120530287
2025-11,0.026447972543192977,118707.59130365735
2025-12,0.002810083210104175,119041.16951289166
2026-01,-0.026744860609168697,115857.43002751695
2026-02,-0.02286728925756093,113208.08466244009
2026-03,-0.071835239795908,105075.75475387825
2026-04,0.0512828561020392,110464.33956473455
2026-05,-0.011612799901966286,109181.53929306642
2026-06,-0.05840168625373654,102805.15329057275
