LogicalStock,Month,MonthEndPrice,MonthEndDate,PrevMonthEndPrice,MonthlyReturn
HDFCBANK,2023-08,752.3587036132812,2023-08-31,,
HDFCBANK,2023-09,730.7423706054688,2023-09-30,752.3587036132812,-0.028731418808605302
HDFCBANK,2023-10,706.8997802734375,2023-10-31,730.7423706054688,-0.032627901831224104
HDFCBANK,2023-11,746.3023071289062,2023-11-30,706.8997802734375,0.0557399053656904
HDFCBANK,2023-12,818.3328857421875,2023-12-31,746.3023071289062,0.09651662325738952
HDFCBANK,2024-01,700.220947265625,2024-01-31,818.3328857421875,-0.14433238665392356
HDFCBANK,2024-02,671.90185546875,2024-02-29,700.220947265625,-0.04044308001276109
HDFCBANK,2024-03,693.20703125,2024-03-31,671.90185546875,0.03170876164106806
HDFCBANK,2024-04,727.77392578125,2024-04-30,693.20703125,0.049865181645544654
HDFCBANK,2024-05,743.268798828125,2024-05-31,727.77392578125,0.021290777943496098
HDFCBANK,2024-06,817.1565551757812,2024-06-30,743.268798828125,0.09940919955761829
HDFCBANK,2024-07,784.1315307617188,2024-07-31,817.1565551757812,-0.04041456218503736
HDFCBANK,2024-08,794.395751953125,2024-08-31,784.1315307617188,0.013089922785575858
HDFCBANK,2024-09,840.572509765625,2024-09-30,794.395751953125,0.058128153000527094
HDFCBANK,2024-10,842.3438110351562,2024-10-31,840.572509765625,0.002107255767887395
HDFCBANK,2024-11,871.6320190429688,2024-11-30,842.3438110351562,0.034769897545540385
HDFCBANK,2024-12,860.3729248046875,2024-12-31,871.6320190429688,-0.01291725635623564
HDFCBANK,2025-01,824.4118041992188,2025-01-31,860.3729248046875,-0.041797131881657346
HDFCBANK,2025-02,840.7423706054688,2025-02-28,824.4118041992188,0.019808748883832994
HDFCBANK,2025-03,887.2345581054688,2025-03-31,840.7423706054688,0.05529897044027665
HDFCBANK,2025-04,934.2120361328124,2025-04-30,887.2345581054688,0.05294820585850002
HDFCBANK,2025-05,943.86962890625,2025-05-31,934.2120361328124,0.010337688233407194
HDFCBANK,2025-06,982.023681640625,2025-06-30,943.86962890625,0.040423011362901606
HDFCBANK,2025-07,992.6815795898438,2025-07-31,982.023681640625,0.01085299483960811
HDFCBANK,2025-08,936.1171264648438,2025-08-31,992.6815795898438,-0.05698146745945598
HDFCBANK,2025-09,935.5269165039062,2025-09-30,936.1171264648438,-0.0006304873014837398
HDFCBANK,2025-10,971.2362670898438,2025-10-31,935.5269165039062,0.038170308043497636
HDFCBANK,2025-11,991.2059936523438,2025-11-30,971.2362670898438,0.020561141752187817
HDFCBANK,2025-12,975.0728759765624,2025-12-31,991.2059936523438,-0.01627625113154829
HDFCBANK,2026-01,914.1307983398438,2026-01-31,975.0728759765624,-0.06250002347330552
HDFCBANK,2026-02,873.3060302734375,2026-02-28,914.1307983398438,-0.044659657174387135
HDFCBANK,2026-03,719.6473999023438,2026-03-31,873.3060302734375,-0.17595049735655932
HDFCBANK,2026-04,759.1441650390625,2026-04-30,719.6473999023438,0.05488349592047226
HDFCBANK,2026-05,732.4359130859375,2026-05-31,759.1441650390625,-0.035182055244738275
HDFCBANK,2026-06,797.9500122070312,2026-06-30,732.4359130859375,0.08944686893501208
ICICIBANK,2023-08,935.40234375,2023-08-31,,
ICICIBANK,2023-09,928.7191772460938,2023-09-30,935.40234375,-0.007144697197479344
ICICIBANK,2023-10,893.0592041015625,2023-10-31,928.7191772460938,-0.03839693851296666
ICICIBANK,2023-11,912.1819458007812,2023-11-30,893.0592041015625,0.021412624842108485
ICICIBANK,2023-12,972.3306274414062,2023-12-31,912.1819458007812,0.06593934676905056
ICICIBANK,2024-01,1003.1123657226562,2024-01-31,972.3306274414062,0.03165768660630297
ICICIBANK,2024-02,1026.57666015625,2024-02-29,1003.1123657226562,0.023391491557069655
ICICIBANK,2024-03,1066.67578125,2024-03-31,1026.57666015625,0.03906100990806349
ICICIBANK,2024-04,1122.38525390625,2024-04-30,1066.67578125,0.052227184338024424
ICICIBANK,2024-05,1093.7501220703125,2024-05-31,1122.38525390625,-0.02551274772746548
ICICIBANK,2024-06,1170.3870849609375,2024-06-30,1093.7501220703125,0.0700680725370455
ICICIBANK,2024-07,1185.3145751953125,2024-07-31,1170.3870849609375,0.012754318999404601
ICICIBANK,2024-08,1209.590576171875,2024-08-31,1185.3145751953125,0.020480639894740582
ICICIBANK,2024-09,1252.6917724609375,2024-09-30,1209.590576171875,0.03563288036309742
ICICIBANK,2024-10,1271.634765625,2024-10-31,1252.6917724609375,0.015121830908850553
ICICIBANK,2024-11,1279.3594970703125,2024-11-30,1271.634765625,0.006074646316795107
ICICIBANK,2024-12,1261.203857421875,2024-12-31,1279.3594970703125,-0.014191194648582539
ICICIBANK,2025-01,1232.814208984375,2025-01-31,1261.203857421875,-0.02250996004367878
ICICIBANK,2025-02,1184.8909912109375,2025-02-28,1232.814208984375,-0.03887302516809721
ICICIBANK,2025-03,1326.8397216796875,2025-03-31,1184.8909912109375,0.1197989785741227
ICICIBANK,2025-04,1404.2349853515625,2025-04-30,1326.8397216796875,0.058330529609030624
ICICIBANK,2025-05,1422.7352294921875,2025-05-31,1404.2349853515625,0.013174607051962495
ICICIBANK,2025-06,1422.7352294921875,2025-06-30,1422.7352294921875,0.0
ICICIBANK,2025-07,1457.7672119140625,2025-07-31,1422.7352294921875,0.024622980928348026
ICICIBANK,2025-08,1386.1143798828125,2025-08-31,1457.7672119140625,-0.04915245139665969
ICICIBANK,2025-09,1336.730712890625,2025-09-30,1386.1143798828125,-0.03562741120712032
ICICIBANK,2025-10,1334.0533447265625,2025-10-31,1336.730712890625,-0.0020029226068074557
ICICIBANK,2025-11,1377.189697265625,2025-11-30,1334.0533447265625,0.03233480333419814
ICICIBANK,2025-12,1331.67333984375,2025-12-31,1377.189697265625,-0.03305017276287103
ICICIBANK,2026-01,1343.672119140625,2026-01-31,1331.67333984375,0.009010302254968128
ICICIBANK,2026-02,1367.3724365234375,2026-02-28,1343.672119140625,0.017638467781835532
ICICIBANK,2026-03,1195.8187255859375,2026-03-31,1367.3724365234375,-0.12546231469582458
ICICIBANK,2026-04,1252.8380126953125,2026-04-30,1195.8187255859375,0.04768221628360614
ICICIBANK,2026-05,1245.896484375,2026-05-31,1252.8380126953125,-0.005540643123829514
ICICIBANK,2026-06,1363.7032470703125,2026-06-30,1245.896484375,0.09455581918140643
INFY,2023-08,1305.92578125,2023-08-31,,
INFY,2023-09,1305.92578125,2023-09-30,1305.92578125,0.0
INFY,2023-10,1261.039794921875,2023-10-31,1305.92578125,-0.03437100865346365
INFY,2023-11,1340.983642578125,2023-11-30,1261.039794921875,0.06339518227591134
INFY,2023-12,1421.8489990234375,2023-12-31,1340.983642578125,0.06030301480027278
INFY,2024-01,1530.5911865234375,2024-01-31,1421.8489990234375,0.07647942051138124
INFY,2024-02,1542.5711669921875,2024-02-29,1530.5911865234375,0.007827028258251767
INFY,2024-03,1380.517822265625,2024-03-31,1542.5711669921875,-0.10505404755006886
INFY,2024-04,1309.0982666015625,2024-04-30,1380.517822265625,-0.05173388891630015
INFY,2024-05,1322.4598388671875,2024-05-31,1309.0982666015625,0.01020669922687456
INFY,2024-06,1472.7156982421875,2024-06-30,1322.4598388671875,0.11361846685923438
INFY,2024-07,1756.1201171875,2024-07-31,1472.7156982421875,0.1924366116851881
INFY,2024-08,1827.041748046875,2024-08-31,1756.1201171875,0.040385409953026974
INFY,2024-09,1763.029052734375,2024-09-30,1827.041748046875,-0.03503625211680583
INFY,2024-10,1670.589599609375,2024-10-31,1763.029052734375,-0.05243217800729416
INFY,2024-11,1766.2283935546875,2024-11-30,1670.589599609375,0.05724852708748762
INFY,2024-12,1787.2860107421875,2024-12-31,1766.2283935546875,0.01192236364466992
INFY,2025-01,1787.095947265625,2025-01-31,1787.2860107421875,-0.00010634194830605459
INFY,2025-02,1604.4696044921875,2025-02-28,1787.095947265625,-0.10219168313423121
INFY,2025-03,1493.19189453125,2025-03-31,1604.4696044921875,-0.06935482582492225
INFY,2025-04,1426.1212158203125,2025-04-30,1493.19189453125,-0.04491765523010194
INFY,2025-05,1506.5369873046875,2025-05-31,1426.1212158203125,0.056387753433791765
INFY,2025-06,1544.2318115234375,2025-06-30,1506.5369873046875,0.025020842193983484
INFY,2025-07,1454.76708984375,2025-07-31,1544.2318115234375,-0.057934774437412684
INFY,2025-08,1416.782958984375,2025-08-31,1454.76708984375,-0.026110111456710716
INFY,2025-09,1389.982177734375,2025-09-30,1416.782958984375,-0.018916645686656297
INFY,2025-10,1450.9034423828125,2025-10-31,1389.982177734375,0.043828809911604205
INFY,2025-11,1527.055419921875,2025-11-30,1450.9034423828125,0.05248590313770185
INFY,2025-12,1581.1842041015625,2025-12-31,1527.055419921875,0.03544650932345128
INFY,2026-01,1606.241943359375,2026-01-31,1581.1842041015625,0.015847451038793148
INFY,2026-02,1272.5625,2026-02-28,1606.241943359375,-0.20773921683398522
INFY,2026-03,1224.1109619140625,2026-03-31,1272.5625,-0.03807399486149987
INFY,2026-04,1156.768310546875,2026-04-30,1224.1109619140625,-0.05501351875967864
INFY,2026-05,1136.3109130859375,2026-05-31,1156.768310546875,-0.01768495668010306
INFY,2026-06,1000.4000244140624,2026-06-30,1136.3109130859375,-0.11960713138165235
RELIANCE,2023-08,1189.1595458984375,2023-08-31,,
RELIANCE,2023-09,1158.529052734375,2023-09-30,1189.1595458984375,-0.025758102240957426
RELIANCE,2023-10,1130.319091796875,2023-10-31,1158.529052734375,-0.024349808812233475
RELIANCE,2023-11,1174.5606689453125,2023-11-30,1130.319091796875,0.03914078552641831
RELIANCE,2023-12,1277.074462890625,2023-12-31,1174.5606689453125,0.08727841537326797
RELIANCE,2024-01,1409.6258544921875,2024-01-31,1277.074462890625,0.10379300146800818
RELIANCE,2024-02,1443.3939208984375,2024-02-29,1409.6258544921875,0.023955339850385116
RELIANCE,2024-03,1468.1451416015625,2024-03-31,1443.3939208984375,0.017147931929572424
RELIANCE,2024-04,1449.5198974609375,2024-04-30,1468.1451416015625,-0.012686241716065805
RELIANCE,2024-05,1413.35595703125,2024-05-31,1449.5198974609375,-0.024948909285780974
RELIANCE,2024-06,1546.7474365234375,2024-06-30,1413.35595703125,0.09437925303146977
RELIANCE,2024-07,1487.487060546875,2024-07-31,1546.7474365234375,-0.038312897488784414
RELIANCE,2024-08,1496.6995849609375,2024-08-31,1487.487060546875,0.006193347598382193
RELIANCE,2024-09,1463.9324951171875,2024-09-30,1496.6995849609375,-0.021892896993490618
RELIANCE,2024-10,1320.64501953125,2024-10-31,1463.9324951171875,-0.09787847189939403
RELIANCE,2024-11,1281.1361083984375,2024-11-30,1320.64501953125,-0.02991637461127583
RELIANCE,2024-12,1205.043212890625,2024-12-31,1281.1361083984375,-0.059394856650272
RELIANCE,2025-01,1254.2681884765625,2025-01-31,1205.043212890625,0.04084913724202299
RELIANCE,2025-02,1189.82470703125,2025-02-28,1254.2681884765625,-0.05137934776420161
RELIANCE,2025-03,1264.1824951171875,2025-03-31,1189.82470703125,0.06249474199562455
RELIANCE,2025-04,1392.9703369140625,2025-04-30,1264.1824951171875,0.1018744068157158
RELIANCE,2025-05,1408.7342529296875,2025-05-31,1392.9703369140625,0.011316763607865266
RELIANCE,2025-06,1487.7518310546875,2025-06-30,1408.7342529296875,0.05609118821429271
RELIANCE,2025-07,1378.2969970703125,2025-07-31,1487.7518310546875,-0.07357062629644417
RELIANCE,2025-08,1350.9537353515625,2025-08-31,1378.2969970703125,-0.019838439593839685
RELIANCE,2025-09,1357.722412109375,2025-09-30,1350.9537353515625,0.005010295009141075
RELIANCE,2025-10,1479.5592041015625,2025-10-31,1357.722412109375,0.0897361573363884
RELIANCE,2025-11,1560.285888671875,2025-11-30,1479.5592041015625,0.05456130741272536
RELIANCE,2025-12,1563.172607421875,2025-12-31,1560.285888671875,0.0018501216802371268
RELIANCE,2026-01,1388.9779052734375,2026-01-31,1563.172607421875,-0.11143663938414006
RELIANCE,2026-02,1387.48486328125,2026-02-28,1388.9779052734375,-0.0010749213407347247
RELIANCE,2026-03,1337.7149658203125,2026-03-31,1387.48486328125,-0.03587058769292595
RELIANCE,2026-04,1424.215087890625,2026-04-30,1337.7149658203125,0.06466259575504485
RELIANCE,2026-05,1315.119384765625,2026-05-31,1424.215087890625,-0.0766005809463649
RELIANCE,2026-06,1293.9000244140625,2026-06-30,1315.119384765625,-0.016134930864352026
TCS,2023-08,3059.70458984375,2023-08-31,,
TCS,2023-09,3216.299560546875,2023-09-30,3059.70458984375,0.05117976788442902
TCS,2023-10,3078.5419921875,2023-10-31,3216.299560546875,-0.04283107520493268
TCS,2023-11,3187.1533203125,2023-11-30,3078.5419921875,0.03528011909554141
TCS,2023-12,3466.609375,2023-12-31,3187.1533203125,0.08768202423976867
TCS,2024-01,3511.51171875,2024-01-31,3466.609375,0.012952813222574244
TCS,2024-02,3768.39111328125,2024-02-29,3511.51171875,0.07315350626900141
TCS,2024-03,3567.04638671875,2024-03-31,3768.39111328125,-0.0534298910356954
TCS,2024-04,3515.836181640625,2024-04-30,3567.04638671875,-0.014356472982464452
TCS,2024-05,3402.632080078125,2024-05-31,3515.836181640625,-0.03219834364116325
TCS,2024-06,3618.786865234375,2024-06-30,3402.632080078125,0.06352575890346834
TCS,2024-07,4074.255859375,2024-07-31,3618.786865234375,0.12586234312838585
TCS,2024-08,4230.7099609375,2024-08-31,4074.255859375,0.03840065694511896
TCS,2024-09,3965.69580078125,2024-09-30,4230.7099609375,-0.06264058812897788
TCS,2024-10,3695.925048828125,2024-10-31,3965.69580078125,-0.06802608306466162
TCS,2024-11,3977.558837890625,2024-11-30,3695.925048828125,0.07620116353598627
TCS,2024-12,3813.59814453125,2024-12-31,3977.558837890625,-0.0412214375806258
TCS,2025-01,3900.4638671875,2025-01-31,3813.59814453125,0.02277789094816307
TCS,2025-02,3303.73779296875,2025-02-28,3900.4638671875,-0.15298848919962693
TCS,2025-03,3420.303466796875,2025-03-31,3303.73779296875,0.03528296769683359
TCS,2025-04,3275.710693359375,2025-04-30,3420.303466796875,-0.04227483755203498
TCS,2025-05,3284.910400390625,2025-05-31,3275.710693359375,0.002808461397369344
TCS,2025-06,3312.768310546875,2025-06-30,3284.910400390625,0.008480569257821147
TCS,2025-07,2915.758544921875,2025-07-31,3312.768310546875,-0.11984229756154041
TCS,2025-08,2961.749267578125,2025-08-31,2915.758544921875,0.01577315883592223
TCS,2025-09,2773.2734375,2025-09-30,2961.749267578125,-0.06363665963940457
TCS,2025-10,2947.064208984375,2025-10-31,2773.2734375,0.06266629504843957
TCS,2025-11,3023.68017578125,2025-11-30,2947.064208984375,0.0259973863356302
TCS,2025-12,3089.887939453125,2025-12-31,3023.68017578125,0.02189641755175664
TCS,2026-01,3065.302734375,2026-01-31,3089.887939453125,-0.00795666560078434
TCS,2026-02,2587.92822265625,2026-02-28,3065.302734375,-0.15573486636910738
TCS,2026-03,2314.652099609375,2026-03-31,2587.92822265625,-0.10559648473031613
TCS,2026-04,2427.4951171875,2026-04-30,2314.652099609375,0.04875161048918253
TCS,2026-05,2246.58203125,2026-05-31,2427.4951171875,-0.07452665286804205
TCS,2026-06,2020.422119140625,2026-06-30,2246.58203125,-0.10066844164312105
