Month,PortfolioValue,RunningMax,Drawdown
2023-08,100000.0,100000.0,0.0
2023-09,100000.0,100000.0,0.0
2023-10,97151.11446782711,100000.0,-0.028488855321728915
2023-11,99904.99609571803,100000.0,-0.0009500390428196988
2023-12,107578.76733114551,107578.76733114551,0.0
2024-01,113395.39567438376,113395.39567438376,0.0
2024-02,115250.00153838583,115250.00153838583,0.0
2024-03,111023.47938146298,115250.00153838583,-0.0366726429545004
2024-04,107354.68841567251,115250.00153838583,-0.06850596978155922
2024-05,106174.2353487504,115250.00153838583,-0.07874851252485753
2024-06,113266.34679900362,115250.00153838583,-0.017211754558819018
2024-07,121116.64826134694,121116.64826134694,0.0
2024-08,122284.41079955809,122284.41079955809,0.0
2024-09,124499.91426505389,124499.91426505389,0.0
2024-10,117001.3926770659,124499.91426505389,-0.060229130535977865
2024-11,119709.08505904349,124499.91426505389,-0.03848058237061089
2024-12,115304.62562199662,124499.91426505389,-0.07385779096587147
2025-01,118972.87095445143,124499.91426505389,-0.044393952744703646
2025-02,117838.80511334755,124499.91426505389,-0.05350292159659785
2025-03,115831.31158844482,124499.91426505389,-0.06962737868360341
2025-04,110781.50118863436,124499.91426505389,-0.11018813271801726
2025-05,114060.42396047481,124499.91426505389,-0.08385138549054688
2025-06,116849.40552986726,124499.91426505389,-0.061449911675433656
2025-07,111286.2452580929,124499.91426505389,-0.10613396069357744
2025-08,111060.04034235858,124499.91426505389,-0.10795086889845167
2025-09,109046.63850681123,124499.91426505389,-0.12412278232853584
2025-10,112354.20692943459,124499.91426505389,-0.09755594939416357
2025-11,115325.74790941649,124499.91426505389,-0.0736881339219726
2025-12,115649.82285730944,124499.91426505389,-0.07108512049978652
2026-01,112556.78446551565,124499.91426505389,-0.09592881946980243
2026-02,109982.91591724176,124499.91426505389,-0.1166024766644111
2026-03,102082.26677887351,124499.91426505389,-0.18006154958833434
2026-04,107317.33697666445,124499.91426505389,-0.13801276402334398
2026-05,106071.08221634256,124499.91426505389,-0.14802284931278983
2026-06,99876.35215214943,124499.91426505389,-0.1977797515625767
