Month,PortfolioReturn,PortfolioValue
2023-08,,100000.0
2023-09,0.01997008301729397,101997.0083017294
2023-10,-0.02844956791824016,99095.23748659204
2023-11,0.05521870494244152,104567.14816656534
2023-12,0.07938399947303942,112868.1066015172
2024-01,-0.0002623471921975318,112838.49597066164
2024-02,0.011833983335188147,114173.82485154615
2024-03,0.01565312867996771,115961.0024238315
2024-04,0.012449073265302424,117404.60943892368
2024-05,-0.0032802868369559146,117019.48864398323
2024-06,0.06568373117304005,124705.76527808124
2024-07,0.03917231541701116,129590.778849874
2024-08,0.011412299454817587,131069.7076246918
2024-09,0.022782988118133174,134055.86721615234
2024-10,-0.062202524298806905,125717.253878242
2024-11,-0.003067503721212228,125331.6157341499
2024-12,-0.020152369183212504,122805.8867435468
2025-01,-0.005768726574899463,122097.4531611352
2025-02,-0.058859860683111886,114910.814078308
2025-03,0.06303590285390537,122154.32099141141
2025-04,0.03464592443705139,126386.47036613917
2025-05,0.017115829300808905,128549.67961885774
2025-06,0.030962824756055607,132529.94082134354
2025-07,-0.029341211031532977,128641.35185970792
2025-08,-0.013787757577143567,126867.67608587025
2025-09,0.007542929315341729,127824.62999898764
2025-10,0.04514223328634981,133594.9192661433
2025-11,0.01869402640831641,136092.34621492148
2025-12,-0.0027992883076883857,135711.38450139615
2026-01,-0.030959112686126167,131509.88045582722
2026-02,-0.00560807079634007,130772.36373581273
2026-03,-0.11308191486943808,115984.37443256436
2026-04,0.07461020632295279,124637.9925392166
2026-05,-0.01874361201899999,122301.82636423451
2026-06,0.013504474949835865,123953.44831468949
