Month,Stock1,Stock2,Score1,Score2,PortfolioReturn,PortfolioValue
2023-08,,,,,,100000.0
2023-09,,,,,,100000.0
2023-10,TCS,INFY,0.05117976788442902,0.0,-0.038601041929198165,96139.89580708017
2023-11,RELIANCE,HDFCBANK,-0.024349808812233475,-0.032627901831224104,0.047440345446054355,100700.80567531573
2023-12,INFY,HDFCBANK,0.06339518227591134,0.0557399053656904,0.07840981902883115,108596.73762437473
2024-01,HDFCBANK,TCS,0.09651662325738952,0.08768202423976867,-0.06568978671567466,101463.04109181146
2024-02,RELIANCE,INFY,0.10379300146800818,0.07647942051138124,0.01589118405431844,103075.4089525123
2024-03,TCS,RELIANCE,0.07315350626900141,0.023955339850385116,-0.018140979553061487,101205.52006628131
2024-04,ICICIBANK,HDFCBANK,0.03906100990806349,0.03170876164106806,0.05104618299178454,106371.67556336343
2024-05,ICICIBANK,HDFCBANK,0.052227184338024424,0.049865181645544654,-0.0021109848919846907,106147.12656331407
2024-06,HDFCBANK,INFY,0.021290777943496098,0.01020669922687456,0.10651383320842633,117453.26389763263
2024-07,INFY,HDFCBANK,0.11361846685923438,0.09940919955761829,0.07601102475007537,126381.00684673272
2024-08,INFY,TCS,0.1924366116851881,0.12586234312838585,0.03939303344907297,131359.53807677358
2024-09,INFY,TCS,0.040385409953026974,0.03840065694511896,-0.04883842012289186,124944.14576903109
2024-10,HDFCBANK,ICICIBANK,0.058128153000527094,0.03563288036309742,0.008614543338368974,126020.48252763391
2024-11,ICICIBANK,HDFCBANK,0.015121830908850553,0.002107255767887395,0.020422271931167746,128594.10709071023
2024-12,TCS,INFY,0.07620116353598627,0.05724852708748762,-0.014649536967977939,126710.26296502074
2025-01,INFY,HDFCBANK,0.01192236364466992,-0.01291725635623564,-0.0209517369149817,124055.46287094949
2025-02,RELIANCE,TCS,0.04084913724202299,0.02277789094816307,-0.10218391848191427,111378.98956570825
2025-03,HDFCBANK,ICICIBANK,0.019808748883832994,-0.03887302516809721,0.08754897450719967,121130.10588383411
2025-04,ICICIBANK,RELIANCE,0.1197989785741227,0.06249474199562455,0.08010246821237321,130832.92633995533
2025-05,RELIANCE,ICICIBANK,0.1018744068157158,0.058330529609030624,0.01224568532991388,132435.0651867062
2025-06,INFY,ICICIBANK,0.056387753433791765,0.013174607051962495,0.012510421096991742,134091.88362019946
2025-07,RELIANCE,HDFCBANK,0.05609118821429271,0.040423011362901606,-0.03135881572841803,129886.92095107715
2025-08,ICICIBANK,HDFCBANK,0.024622980928348026,0.01085299483960811,-0.053066959428057836,122994.21698673099
2025-09,TCS,RELIANCE,0.01577315883592223,-0.019838439593839685,-0.029313182315131747,119388.86508049206
2025-10,RELIANCE,HDFCBANK,0.005010295009141075,-0.0006304873014837398,0.06395323268994302,127024.16894957298
2025-11,RELIANCE,TCS,0.0897361573363884,0.06266629504843957,0.04027934687417778,132140.61951209698
2025-12,RELIANCE,INFY,0.05456130741272536,0.05248590313770185,0.018648315501844204,134604.81947536772
2026-01,INFY,TCS,0.03544650932345128,0.02189641755175664,0.003945392719004404,135135.88835006874
2026-02,INFY,ICICIBANK,0.015847451038793148,0.009010302254968128,-0.09505037452607484,122291.17155048087
2026-03,ICICIBANK,RELIANCE,0.017638467781835532,-0.0010749213407347247,-0.08066645119437527,112426.37672910102
2026-04,RELIANCE,INFY,-0.03587058769292595,-0.03807399486149987,0.004824538497683106,112968.78211178558
2026-05,RELIANCE,HDFCBANK,0.06466259575504485,0.05488349592047226,-0.05589131809555159,106654.80797590871
2026-06,ICICIBANK,INFY,-0.005540643123829514,-0.01768495668010306,-0.012525656100122962,105318.88652977782
