LogicalStock,Month,SignalReturn,RealizedReturn,MomentumRank,MeanReversionRank,MomentumSelected,MeanReversionSelected
HDFCBANK,2023-08,,,,,False,False
ICICIBANK,2023-08,,,,,False,False
INFY,2023-08,,,,,False,False
RELIANCE,2023-08,,,,,False,False
TCS,2023-08,,,,,False,False
HDFCBANK,2023-09,,-0.028731418808605302,,,False,False
ICICIBANK,2023-09,,-0.007144697197479344,,,False,False
INFY,2023-09,,0.0,,,False,False
RELIANCE,2023-09,,-0.025758102240957426,,,False,False
TCS,2023-09,,0.05117976788442902,,,False,False
HDFCBANK,2023-10,-0.028731418808605302,-0.032627901831224104,5.0,1.0,False,True
ICICIBANK,2023-10,-0.007144697197479344,-0.03839693851296666,3.0,3.0,False,False
INFY,2023-10,0.0,-0.03437100865346365,2.0,4.0,True,False
RELIANCE,2023-10,-0.025758102240957426,-0.024349808812233475,4.0,2.0,False,True
TCS,2023-10,0.05117976788442902,-0.04283107520493268,1.0,5.0,True,False
HDFCBANK,2023-11,-0.032627901831224104,0.0557399053656904,2.0,4.0,True,False
ICICIBANK,2023-11,-0.03839693851296666,0.021412624842108485,4.0,2.0,False,True
INFY,2023-11,-0.03437100865346365,0.06339518227591134,3.0,3.0,False,False
RELIANCE,2023-11,-0.024349808812233475,0.03914078552641831,1.0,5.0,True,False
TCS,2023-11,-0.04283107520493268,0.03528011909554141,5.0,1.0,False,True
HDFCBANK,2023-12,0.0557399053656904,0.09651662325738952,2.0,4.0,True,False
ICICIBANK,2023-12,0.021412624842108485,0.06593934676905056,5.0,1.0,False,True
INFY,2023-12,0.06339518227591134,0.06030301480027278,1.0,5.0,True,False
RELIANCE,2023-12,0.03914078552641831,0.08727841537326797,3.0,3.0,False,False
TCS,2023-12,0.03528011909554141,0.08768202423976867,4.0,2.0,False,True
HDFCBANK,2024-01,0.09651662325738952,-0.14433238665392356,1.0,5.0,True,False
ICICIBANK,2024-01,0.06593934676905056,0.03165768660630297,4.0,2.0,False,True
INFY,2024-01,0.06030301480027278,0.07647942051138124,5.0,1.0,False,True
RELIANCE,2024-01,0.08727841537326797,0.10379300146800818,3.0,3.0,False,False
TCS,2024-01,0.08768202423976867,0.012952813222574244,2.0,4.0,True,False
HDFCBANK,2024-02,-0.14433238665392356,-0.04044308001276109,5.0,1.0,False,True
ICICIBANK,2024-02,0.03165768660630297,0.023391491557069655,3.0,3.0,False,False
INFY,2024-02,0.07647942051138124,0.007827028258251767,2.0,4.0,True,False
RELIANCE,2024-02,0.10379300146800818,0.023955339850385116,1.0,5.0,True,False
TCS,2024-02,0.012952813222574244,0.07315350626900141,4.0,2.0,False,True
HDFCBANK,2024-03,-0.04044308001276109,0.03170876164106806,5.0,1.0,False,True
ICICIBANK,2024-03,0.023391491557069655,0.03906100990806349,3.0,3.0,False,False
INFY,2024-03,0.007827028258251767,-0.10505404755006886,4.0,2.0,False,True
RELIANCE,2024-03,0.023955339850385116,0.017147931929572424,2.0,4.0,True,False
TCS,2024-03,0.07315350626900141,-0.0534298910356954,1.0,5.0,True,False
HDFCBANK,2024-04,0.03170876164106806,0.049865181645544654,2.0,4.0,True,False
ICICIBANK,2024-04,0.03906100990806349,0.052227184338024424,1.0,5.0,True,False
INFY,2024-04,-0.10505404755006886,-0.05173388891630015,5.0,1.0,False,True
RELIANCE,2024-04,0.017147931929572424,-0.012686241716065805,3.0,3.0,False,False
TCS,2024-04,-0.0534298910356954,-0.014356472982464452,4.0,2.0,False,True
HDFCBANK,2024-05,0.049865181645544654,0.021290777943496098,2.0,4.0,True,False
ICICIBANK,2024-05,0.052227184338024424,-0.02551274772746548,1.0,5.0,True,False
INFY,2024-05,-0.05173388891630015,0.01020669922687456,5.0,1.0,False,True
RELIANCE,2024-05,-0.012686241716065805,-0.024948909285780974,3.0,3.0,False,False
TCS,2024-05,-0.014356472982464452,-0.03219834364116325,4.0,2.0,False,True
HDFCBANK,2024-06,0.021290777943496098,0.09940919955761829,1.0,5.0,True,False
ICICIBANK,2024-06,-0.02551274772746548,0.0700680725370455,4.0,2.0,False,True
INFY,2024-06,0.01020669922687456,0.11361846685923438,2.0,4.0,True,False
RELIANCE,2024-06,-0.024948909285780974,0.09437925303146977,3.0,3.0,False,False
TCS,2024-06,-0.03219834364116325,0.06352575890346834,5.0,1.0,False,True
HDFCBANK,2024-07,0.09940919955761829,-0.04041456218503736,2.0,4.0,True,False
ICICIBANK,2024-07,0.0700680725370455,0.012754318999404601,4.0,2.0,False,True
INFY,2024-07,0.11361846685923438,0.1924366116851881,1.0,5.0,True,False
RELIANCE,2024-07,0.09437925303146977,-0.038312897488784414,3.0,3.0,False,False
TCS,2024-07,0.06352575890346834,0.12586234312838585,5.0,1.0,False,True
HDFCBANK,2024-08,-0.04041456218503736,0.013089922785575858,5.0,1.0,False,True
ICICIBANK,2024-08,0.012754318999404601,0.020480639894740582,3.0,3.0,False,False
INFY,2024-08,0.1924366116851881,0.040385409953026974,1.0,5.0,True,False
RELIANCE,2024-08,-0.038312897488784414,0.006193347598382193,4.0,2.0,False,True
TCS,2024-08,0.12586234312838585,0.03840065694511896,2.0,4.0,True,False
HDFCBANK,2024-09,0.013089922785575858,0.058128153000527094,4.0,2.0,False,True
ICICIBANK,2024-09,0.020480639894740582,0.03563288036309742,3.0,3.0,False,False
INFY,2024-09,0.040385409953026974,-0.03503625211680583,1.0,5.0,True,False
RELIANCE,2024-09,0.006193347598382193,-0.021892896993490618,5.0,1.0,False,True
TCS,2024-09,0.03840065694511896,-0.06264058812897788,2.0,4.0,True,False
HDFCBANK,2024-10,0.058128153000527094,0.002107255767887395,1.0,5.0,True,False
ICICIBANK,2024-10,0.03563288036309742,0.015121830908850553,2.0,4.0,True,False
INFY,2024-10,-0.03503625211680583,-0.05243217800729416,4.0,2.0,False,True
RELIANCE,2024-10,-0.021892896993490618,-0.09787847189939403,3.0,3.0,False,False
TCS,2024-10,-0.06264058812897788,-0.06802608306466162,5.0,1.0,False,True
HDFCBANK,2024-11,0.002107255767887395,0.034769897545540385,2.0,4.0,True,False
ICICIBANK,2024-11,0.015121830908850553,0.006074646316795107,1.0,5.0,True,False
INFY,2024-11,-0.05243217800729416,0.05724852708748762,3.0,3.0,False,False
RELIANCE,2024-11,-0.09787847189939403,-0.02991637461127583,5.0,1.0,False,True
TCS,2024-11,-0.06802608306466162,0.07620116353598627,4.0,2.0,False,True
HDFCBANK,2024-12,0.034769897545540385,-0.01291725635623564,3.0,3.0,False,False
ICICIBANK,2024-12,0.006074646316795107,-0.014191194648582539,4.0,2.0,False,True
INFY,2024-12,0.05724852708748762,0.01192236364466992,2.0,4.0,True,False
RELIANCE,2024-12,-0.02991637461127583,-0.059394856650272,5.0,1.0,False,True
TCS,2024-12,0.07620116353598627,-0.0412214375806258,1.0,5.0,True,False
HDFCBANK,2025-01,-0.01291725635623564,-0.041797131881657346,2.0,4.0,True,False
ICICIBANK,2025-01,-0.014191194648582539,-0.02250996004367878,3.0,3.0,False,False
INFY,2025-01,0.01192236364466992,-0.00010634194830605459,1.0,5.0,True,False
RELIANCE,2025-01,-0.059394856650272,0.04084913724202299,5.0,1.0,False,True
TCS,2025-01,-0.0412214375806258,0.02277789094816307,4.0,2.0,False,True
HDFCBANK,2025-02,-0.041797131881657346,0.019808748883832994,5.0,1.0,False,True
ICICIBANK,2025-02,-0.02250996004367878,-0.03887302516809721,4.0,2.0,False,True
INFY,2025-02,-0.00010634194830605459,-0.10219168313423121,3.0,3.0,False,False
RELIANCE,2025-02,0.04084913724202299,-0.05137934776420161,1.0,5.0,True,False
TCS,2025-02,0.02277789094816307,-0.15298848919962693,2.0,4.0,True,False
HDFCBANK,2025-03,0.019808748883832994,0.05529897044027665,1.0,5.0,True,False
ICICIBANK,2025-03,-0.03887302516809721,0.1197989785741227,2.0,4.0,True,False
INFY,2025-03,-0.10219168313423121,-0.06935482582492225,4.0,2.0,False,True
RELIANCE,2025-03,-0.05137934776420161,0.06249474199562455,3.0,3.0,False,False
TCS,2025-03,-0.15298848919962693,0.03528296769683359,5.0,1.0,False,True
HDFCBANK,2025-04,0.05529897044027665,0.05294820585850002,3.0,3.0,False,False
ICICIBANK,2025-04,0.1197989785741227,0.058330529609030624,1.0,5.0,True,False
INFY,2025-04,-0.06935482582492225,-0.04491765523010194,5.0,1.0,False,True
RELIANCE,2025-04,0.06249474199562455,0.1018744068157158,2.0,4.0,True,False
TCS,2025-04,0.03528296769683359,-0.04227483755203498,4.0,2.0,False,True
HDFCBANK,2025-05,0.05294820585850002,0.010337688233407194,3.0,3.0,False,False
ICICIBANK,2025-05,0.058330529609030624,0.013174607051962495,2.0,4.0,True,False
INFY,2025-05,-0.04491765523010194,0.056387753433791765,5.0,1.0,False,True
RELIANCE,2025-05,0.1018744068157158,0.011316763607865266,1.0,5.0,True,False
TCS,2025-05,-0.04227483755203498,0.002808461397369344,4.0,2.0,False,True
HDFCBANK,2025-06,0.010337688233407194,0.040423011362901606,4.0,2.0,False,True
ICICIBANK,2025-06,0.013174607051962495,0.0,2.0,4.0,True,False
INFY,2025-06,0.056387753433791765,0.025020842193983484,1.0,5.0,True,False
RELIANCE,2025-06,0.011316763607865266,0.05609118821429271,3.0,3.0,False,False
TCS,2025-06,0.002808461397369344,0.008480569257821147,5.0,1.0,False,True
HDFCBANK,2025-07,0.040423011362901606,0.01085299483960811,2.0,4.0,True,False
ICICIBANK,2025-07,0.0,0.024622980928348026,5.0,1.0,False,True
INFY,2025-07,0.025020842193983484,-0.057934774437412684,3.0,3.0,False,False
RELIANCE,2025-07,0.05609118821429271,-0.07357062629644417,1.0,5.0,True,False
TCS,2025-07,0.008480569257821147,-0.11984229756154041,4.0,2.0,False,True
HDFCBANK,2025-08,0.01085299483960811,-0.05698146745945598,2.0,4.0,True,False
ICICIBANK,2025-08,0.024622980928348026,-0.04915245139665969,1.0,5.0,True,False
INFY,2025-08,-0.057934774437412684,-0.026110111456710716,3.0,3.0,False,False
RELIANCE,2025-08,-0.07357062629644417,-0.019838439593839685,4.0,2.0,False,True
TCS,2025-08,-0.11984229756154041,0.01577315883592223,5.0,1.0,False,True
HDFCBANK,2025-09,-0.05698146745945598,-0.0006304873014837398,5.0,1.0,False,True
ICICIBANK,2025-09,-0.04915245139665969,-0.03562741120712032,4.0,2.0,False,True
INFY,2025-09,-0.026110111456710716,-0.018916645686656297,3.0,3.0,False,False
RELIANCE,2025-09,-0.019838439593839685,0.005010295009141075,2.0,4.0,True,False
TCS,2025-09,0.01577315883592223,-0.06363665963940457,1.0,5.0,True,False
HDFCBANK,2025-10,-0.0006304873014837398,0.038170308043497636,2.0,4.0,True,False
ICICIBANK,2025-10,-0.03562741120712032,-0.0020029226068074557,4.0,2.0,False,True
INFY,2025-10,-0.018916645686656297,0.043828809911604205,3.0,3.0,False,False
RELIANCE,2025-10,0.005010295009141075,0.0897361573363884,1.0,5.0,True,False
TCS,2025-10,-0.06363665963940457,0.06266629504843957,5.0,1.0,False,True
HDFCBANK,2025-11,0.038170308043497636,0.020561141752187817,4.0,2.0,False,True
ICICIBANK,2025-11,-0.0020029226068074557,0.03233480333419814,5.0,1.0,False,True
INFY,2025-11,0.043828809911604205,0.05248590313770185,3.0,3.0,False,False
RELIANCE,2025-11,0.0897361573363884,0.05456130741272536,1.0,5.0,True,False
TCS,2025-11,0.06266629504843957,0.0259973863356302,2.0,4.0,True,False
HDFCBANK,2025-12,0.020561141752187817,-0.01627625113154829,5.0,1.0,False,True
ICICIBANK,2025-12,0.03233480333419814,-0.03305017276287103,3.0,3.0,False,False
INFY,2025-12,0.05248590313770185,0.03544650932345128,2.0,4.0,True,False
RELIANCE,2025-12,0.05456130741272536,0.0018501216802371268,1.0,5.0,True,False
TCS,2025-12,0.0259973863356302,0.02189641755175664,4.0,2.0,False,True
HDFCBANK,2026-01,-0.01627625113154829,-0.06250002347330552,4.0,2.0,False,True
ICICIBANK,2026-01,-0.03305017276287103,0.009010302254968128,5.0,1.0,False,True
INFY,2026-01,0.03544650932345128,0.015847451038793148,1.0,5.0,True,False
RELIANCE,2026-01,0.0018501216802371268,-0.11143663938414006,3.0,3.0,False,False
TCS,2026-01,0.02189641755175664,-0.00795666560078434,2.0,4.0,True,False
HDFCBANK,2026-02,-0.06250002347330552,-0.044659657174387135,4.0,2.0,False,True
ICICIBANK,2026-02,0.009010302254968128,0.017638467781835532,2.0,4.0,True,False
INFY,2026-02,0.015847451038793148,-0.20773921683398522,1.0,5.0,True,False
RELIANCE,2026-02,-0.11143663938414006,-0.0010749213407347247,5.0,1.0,False,True
TCS,2026-02,-0.00795666560078434,-0.15573486636910738,3.0,3.0,False,False
HDFCBANK,2026-03,-0.044659657174387135,-0.17595049735655932,3.0,3.0,False,False
ICICIBANK,2026-03,0.017638467781835532,-0.12546231469582458,1.0,5.0,True,False
INFY,2026-03,-0.20773921683398522,-0.03807399486149987,5.0,1.0,False,True
RELIANCE,2026-03,-0.0010749213407347247,-0.03587058769292595,2.0,4.0,True,False
TCS,2026-03,-0.15573486636910738,-0.10559648473031613,4.0,2.0,False,True
HDFCBANK,2026-04,-0.17595049735655932,0.05488349592047226,5.0,1.0,False,True
ICICIBANK,2026-04,-0.12546231469582458,0.04768221628360614,4.0,2.0,False,True
INFY,2026-04,-0.03807399486149987,-0.05501351875967864,2.0,4.0,True,False
RELIANCE,2026-04,-0.03587058769292595,0.06466259575504485,1.0,5.0,True,False
TCS,2026-04,-0.10559648473031613,0.04875161048918253,3.0,3.0,False,False
HDFCBANK,2026-05,0.05488349592047226,-0.035182055244738275,2.0,4.0,True,False
ICICIBANK,2026-05,0.04768221628360614,-0.005540643123829514,4.0,2.0,False,True
INFY,2026-05,-0.05501351875967864,-0.01768495668010306,5.0,1.0,False,True
RELIANCE,2026-05,0.06466259575504485,-0.0766005809463649,1.0,5.0,True,False
TCS,2026-05,0.04875161048918253,-0.07452665286804205,3.0,3.0,False,False
HDFCBANK,2026-06,-0.035182055244738275,0.08944686893501208,3.0,3.0,False,False
ICICIBANK,2026-06,-0.005540643123829514,0.09455581918140643,1.0,5.0,True,False
INFY,2026-06,-0.01768495668010306,-0.11960713138165235,2.0,4.0,True,False
RELIANCE,2026-06,-0.0766005809463649,-0.016134930864352026,5.0,1.0,False,True
TCS,2026-06,-0.07452665286804205,-0.10066844164312105,4.0,2.0,False,True
HDFCBANK,2026-07,0.08944686893501208,,2.0,4.0,True,False
ICICIBANK,2026-07,0.09455581918140643,,1.0,5.0,True,False
INFY,2026-07,-0.11960713138165235,,5.0,1.0,False,True
RELIANCE,2026-07,-0.016134930864352026,,3.0,3.0,False,False
TCS,2026-07,-0.10066844164312105,,4.0,2.0,False,True
