Date,Ticker,Adjusted_Close
2023-08-31,HDFCBANK.NS,752.3587036132812
2023-09-30,HDFCBANK.NS,730.7423706054688
2023-10-31,HDFCBANK.NS,706.8997802734375
2023-11-30,HDFCBANK.NS,746.3023071289062
2023-12-31,HDFCBANK.NS,818.3328857421875
2024-01-31,HDFCBANK.NS,700.220947265625
2024-02-29,HDFCBANK.NS,671.90185546875
2024-03-31,HDFCBANK.NS,693.20703125
2024-04-30,HDFCBANK.NS,727.77392578125
2024-05-31,HDFCBANK.NS,743.268798828125
2024-06-30,HDFCBANK.NS,817.1565551757812
2024-07-31,HDFCBANK.NS,784.1315307617188
2024-08-31,HDFCBANK.NS,794.395751953125
2024-09-30,HDFCBANK.NS,840.572509765625
2024-10-31,HDFCBANK.NS,842.3438110351562
2024-11-30,HDFCBANK.NS,871.6320190429688
2024-12-31,HDFCBANK.NS,860.3729248046875
2025-01-31,HDFCBANK.NS,824.4118041992188
2025-02-28,HDFCBANK.NS,840.7423706054688
2025-03-31,HDFCBANK.NS,887.2345581054688
2025-04-30,HDFCBANK.NS,934.2120361328125
2025-05-31,HDFCBANK.NS,943.86962890625
2025-06-30,HDFCBANK.NS,982.023681640625
2025-07-31,HDFCBANK.NS,992.6815795898438
2025-08-31,HDFCBANK.NS,936.1171264648438
2025-09-30,HDFCBANK.NS,935.5269165039062
2025-10-31,HDFCBANK.NS,971.2362670898438
2025-11-30,HDFCBANK.NS,991.2059936523438
2025-12-31,HDFCBANK.NS,975.0728759765625
2026-01-31,HDFCBANK.NS,914.1307983398438
2026-02-28,HDFCBANK.NS,873.3060302734375
2026-03-31,HDFCBANK.NS,719.6473999023438
2026-04-30,HDFCBANK.NS,759.1441650390625
2026-05-31,HDFCBANK.NS,732.4359130859375
2026-06-30,HDFCBANK.NS,797.9500122070312
2023-08-31,ICICIBANK.NS,935.40234375
2023-09-30,ICICIBANK.NS,928.7191772460938
2023-10-31,ICICIBANK.NS,893.0592041015625
2023-11-30,ICICIBANK.NS,912.1819458007812
2023-12-31,ICICIBANK.NS,972.3306274414062
2024-01-31,ICICIBANK.NS,1003.1123657226562
2024-02-29,ICICIBANK.NS,1026.57666015625
2024-03-31,ICICIBANK.NS,1066.67578125
2024-04-30,ICICIBANK.NS,1122.38525390625
2024-05-31,ICICIBANK.NS,1093.7501220703125
2024-06-30,ICICIBANK.NS,1170.3870849609375
2024-07-31,ICICIBANK.NS,1185.3145751953125
2024-08-31,ICICIBANK.NS,1209.590576171875
2024-09-30,ICICIBANK.NS,1252.6917724609375
2024-10-31,ICICIBANK.NS,1271.634765625
2024-11-30,ICICIBANK.NS,1279.3594970703125
2024-12-31,ICICIBANK.NS,1261.203857421875
2025-01-31,ICICIBANK.NS,1232.814208984375
2025-02-28,ICICIBANK.NS,1184.8909912109375
2025-03-31,ICICIBANK.NS,1326.8397216796875
2025-04-30,ICICIBANK.NS,1404.2349853515625
2025-05-31,ICICIBANK.NS,1422.7352294921875
2025-06-30,ICICIBANK.NS,1422.7352294921875
2025-07-31,ICICIBANK.NS,1457.7672119140625
2025-08-31,ICICIBANK.NS,1386.1143798828125
2025-09-30,ICICIBANK.NS,1336.730712890625
2025-10-31,ICICIBANK.NS,1334.0533447265625
2025-11-30,ICICIBANK.NS,1377.189697265625
2025-12-31,ICICIBANK.NS,1331.67333984375
2026-01-31,ICICIBANK.NS,1343.672119140625
2026-02-28,ICICIBANK.NS,1367.3724365234375
2026-03-31,ICICIBANK.NS,1195.8187255859375
2026-04-30,ICICIBANK.NS,1252.8380126953125
2026-05-31,ICICIBANK.NS,1245.896484375
2026-06-30,ICICIBANK.NS,1363.7032470703125
2023-08-31,INFY.NS,1305.92578125
2023-09-30,INFY.NS,1305.92578125
2023-10-31,INFY.NS,1261.039794921875
2023-11-30,INFY.NS,1340.983642578125
2023-12-31,INFY.NS,1421.8489990234375
2024-01-31,INFY.NS,1530.5911865234375
2024-02-29,INFY.NS,1542.5711669921875
2024-03-31,INFY.NS,1380.517822265625
2024-04-30,INFY.NS,1309.0982666015625
2024-05-31,INFY.NS,1322.4598388671875
2024-06-30,INFY.NS,1472.7156982421875
2024-07-31,INFY.NS,1756.1201171875
2024-08-31,INFY.NS,1827.041748046875
2024-09-30,INFY.NS,1763.029052734375
2024-10-31,INFY.NS,1670.589599609375
2024-11-30,INFY.NS,1766.2283935546875
2024-12-31,INFY.NS,1787.2860107421875
2025-01-31,INFY.NS,1787.095947265625
2025-02-28,INFY.NS,1604.4696044921875
2025-03-31,INFY.NS,1493.19189453125
2025-04-30,INFY.NS,1426.1212158203125
2025-05-31,INFY.NS,1506.5369873046875
2025-06-30,INFY.NS,1544.2318115234375
2025-07-31,INFY.NS,1454.76708984375
2025-08-31,INFY.NS,1416.782958984375
2025-09-30,INFY.NS,1389.982177734375
2025-10-31,INFY.NS,1450.9034423828125
2025-11-30,INFY.NS,1527.055419921875
2025-12-31,INFY.NS,1581.1842041015625
2026-01-31,INFY.NS,1606.241943359375
2026-02-28,INFY.NS,1272.5625
2026-03-31,INFY.NS,1224.1109619140625
2026-04-30,INFY.NS,1156.768310546875
2026-05-31,INFY.NS,1136.3109130859375
2026-06-30,INFY.NS,1000.4000244140625
2023-08-31,RELIANCE.NS,1189.1595458984375
2023-09-30,RELIANCE.NS,1158.529052734375
2023-10-31,RELIANCE.NS,1130.319091796875
2023-11-30,RELIANCE.NS,1174.5606689453125
2023-12-31,RELIANCE.NS,1277.074462890625
2024-01-31,RELIANCE.NS,1409.6258544921875
2024-02-29,RELIANCE.NS,1443.3939208984375
2024-03-31,RELIANCE.NS,1468.1451416015625
2024-04-30,RELIANCE.NS,1449.5198974609375
2024-05-31,RELIANCE.NS,1413.35595703125
2024-06-30,RELIANCE.NS,1546.7474365234375
2024-07-31,RELIANCE.NS,1487.487060546875
2024-08-31,RELIANCE.NS,1496.6995849609375
2024-09-30,RELIANCE.NS,1463.9324951171875
2024-10-31,RELIANCE.NS,1320.64501953125
2024-11-30,RELIANCE.NS,1281.1361083984375
2024-12-31,RELIANCE.NS,1205.043212890625
2025-01-31,RELIANCE.NS,1254.2681884765625
2025-02-28,RELIANCE.NS,1189.82470703125
2025-03-31,RELIANCE.NS,1264.1824951171875
2025-04-30,RELIANCE.NS,1392.9703369140625
2025-05-31,RELIANCE.NS,1408.7342529296875
2025-06-30,RELIANCE.NS,1487.7518310546875
2025-07-31,RELIANCE.NS,1378.2969970703125
2025-08-31,RELIANCE.NS,1350.9537353515625
2025-09-30,RELIANCE.NS,1357.722412109375
2025-10-31,RELIANCE.NS,1479.5592041015625
2025-11-30,RELIANCE.NS,1560.285888671875
2025-12-31,RELIANCE.NS,1563.172607421875
2026-01-31,RELIANCE.NS,1388.9779052734375
2026-02-28,RELIANCE.NS,1387.48486328125
2026-03-31,RELIANCE.NS,1337.7149658203125
2026-04-30,RELIANCE.NS,1424.215087890625
2026-05-31,RELIANCE.NS,1315.119384765625
2026-06-30,RELIANCE.NS,1293.9000244140625
2023-08-31,TCS.NS,3059.70458984375
2023-09-30,TCS.NS,3216.299560546875
2023-10-31,TCS.NS,3078.5419921875
2023-11-30,TCS.NS,3187.1533203125
2023-12-31,TCS.NS,3466.609375
2024-01-31,TCS.NS,3511.51171875
2024-02-29,TCS.NS,3768.39111328125
2024-03-31,TCS.NS,3567.04638671875
2024-04-30,TCS.NS,3515.836181640625
2024-05-31,TCS.NS,3402.632080078125
2024-06-30,TCS.NS,3618.786865234375
2024-07-31,TCS.NS,4074.255859375
2024-08-31,TCS.NS,4230.7099609375
2024-09-30,TCS.NS,3965.69580078125
2024-10-31,TCS.NS,3695.925048828125
2024-11-30,TCS.NS,3977.558837890625
2024-12-31,TCS.NS,3813.59814453125
2025-01-31,TCS.NS,3900.4638671875
2025-02-28,TCS.NS,3303.73779296875
2025-03-31,TCS.NS,3420.303466796875
2025-04-30,TCS.NS,3275.710693359375
2025-05-31,TCS.NS,3284.910400390625
2025-06-30,TCS.NS,3312.768310546875
2025-07-31,TCS.NS,2915.758544921875
2025-08-31,TCS.NS,2961.749267578125
2025-09-30,TCS.NS,2773.2734375
2025-10-31,TCS.NS,2947.064208984375
2025-11-30,TCS.NS,3023.68017578125
2025-12-31,TCS.NS,3089.887939453125
2026-01-31,TCS.NS,3065.302734375
2026-02-28,TCS.NS,2587.92822265625
2026-03-31,TCS.NS,2314.652099609375
2026-04-30,TCS.NS,2427.4951171875
2026-05-31,TCS.NS,2246.58203125
2026-06-30,TCS.NS,2020.422119140625
